{
	"image_name":"app1",
	"trigger_name":"no_of_HTTP_requests",
	"active_container_ports":[8000],
	"trigger_interval":1,
	"minimal_api_path":"/app1/",
	"triggers_and_actions":[
		{
			"trigger_id":1000,
			"trigger":"<",
			"val":6,
			"action":{"action_name":"scale","quantity":2}
		},
		{
			"trigger_id":1001,
			"trigger":"<",
			"val":11,
			"action":{"action_name":"scale","quantity":3}
		},
		{
			"trigger_id":1002,
			"trigger":"<",
			"val":16,
			"action":{"action_name":"scale","quantity":4}
		},
		{
			"trigger_id":1003,
			"trigger":"<",
			"val":21,
			"action":{"action_name":"scale","quantity":5}
		},
		{
			"trigger_id":1004,
			"trigger":">",
			"val":20,
			"action":{"action_name":"scale","quantity":8}
		}
	]
}